{"p1":{"pos_x":500.751007,"pos_y":304.447632},"p2":{"pos_x":0,"pos_y":0}}
