{"p1":{"pos_x":0,"pos_y":0},"p2":{"pos_x":606.057129,"pos_y":207.833862}}
